start_station_id,start_station_name,start_date,subscriber_type,landmark,name
22,Redwood City Caltrain Station,2016-01-04 09:01:00.000000 UTC,Subscriber,Redwood City,Redwood City Caltrain Station
23,San Mateo County Center,2016-01-04 13:34:00.000000 UTC,Subscriber,Redwood City,San Mateo County Center
22,Redwood City Caltrain Station,2016-01-04 17:08:00.000000 UTC,Subscriber,Redwood City,Redwood City Caltrain Station
23,San Mateo County Center,2016-01-04 19:49:00.000000 UTC,Subscriber,Redwood City,San Mateo County Center
22,Redwood City Caltrain Station,2016-01-05 07:57:00.000000 UTC,Subscriber,Redwood City,Redwood City Caltrain Station
25,Stanford in Redwood City,2016-01-05 17:10:00.000000 UTC,Subscriber,Redwood City,Stanford in Redwood City
22,Redwood City Caltrain Station,2016-01-06 15:57:00.000000 UTC,Subscriber,Redwood City,Redwood City Caltrain Station
26,Kaiser Hospital,2016-01-06 17:11:00.000000 UTC,Subscriber,Redwood City,Redwood City Medical Center
22,Redwood City Caltrain Station,2016-01-07 09:01:00.000000 UTC,Subscriber,Redwood City,Redwood City Caltrain Station
26,Kaiser Hospital,2016-01-07 17:12:00.000000 UTC,Subscriber,Redwood City,Redwood City Medical Center
22,Redwood City Caltrain Station,2016-01-08 07:55:00.000000 UTC,Subscriber,Redwood City,Redwood City Caltrain Station
25,Stanford in Redwood City,2016-01-08 17:00:00.000000 UTC,Subscriber,Redwood City,Stanford in Redwood City
26,Kaiser Hospital,2016-01-08 18:06:00.000000 UTC,Subscriber,Redwood City,Redwood City Medical Center
22,Redwood City Caltrain Station,2016-01-11 07:31:00.000000 UTC,Subscriber,Redwood City,Redwood City Caltrain Station
22,Redwood City Caltrain Station,2016-01-11 07:58:00.000000 UTC,Subscriber,Redwood City,Redwood City Caltrain Station
25,Stanford in Redwood City,2016-01-11 16:05:00.000000 UTC,Subscriber,Redwood City,Stanford in Redwood City
25,Stanford in Redwood City,2016-01-11 17:07:00.000000 UTC,Subscriber,Redwood City,Stanford in Redwood City
26,Kaiser Hospital,2016-01-11 18:13:00.000000 UTC,Subscriber,Redwood City,Redwood City Medical Center
22,Redwood City Caltrain Station,2016-01-11 18:16:00.000000 UTC,Subscriber,Redwood City,Redwood City Caltrain Station
26,Kaiser Hospital,2016-01-11 18:30:00.000000 UTC,Subscriber,Redwood City,Redwood City Medical Center
22,Redwood City Caltrain Station,2016-01-12 08:01:00.000000 UTC,Subscriber,Redwood City,Redwood City Caltrain Station
22,Redwood City Caltrain Station,2016-01-12 09:39:00.000000 UTC,Subscriber,Redwood City,Redwood City Caltrain Station
23,San Mateo County Center,2016-01-12 11:33:00.000000 UTC,Subscriber,Redwood City,San Mateo County Center
25,Stanford in Redwood City,2016-01-12 17:06:00.000000 UTC,Subscriber,Redwood City,Stanford in Redwood City
22,Redwood City Caltrain Station,2016-01-13 07:32:00.000000 UTC,Subscriber,Redwood City,Redwood City Caltrain Station
22,Redwood City Caltrain Station,2016-01-13 08:02:00.000000 UTC,Subscriber,Redwood City,Redwood City Caltrain Station
83,Mezes,2016-01-13 08:12:00.000000 UTC,Subscriber,Redwood City,Mezes Park
23,San Mateo County Center,2016-01-13 12:21:00.000000 UTC,Subscriber,Redwood City,San Mateo County Center
25,Stanford in Redwood City,2016-01-13 16:28:00.000000 UTC,Subscriber,Redwood City,Stanford in Redwood City
25,Stanford in Redwood City,2016-01-13 16:59:00.000000 UTC,Subscriber,Redwood City,Stanford in Redwood City
26,Kaiser Hospital,2016-01-13 17:13:00.000000 UTC,Subscriber,Redwood City,Redwood City Medical Center
22,Redwood City Caltrain Station,2016-01-13 17:42:00.000000 UTC,Subscriber,Redwood City,Redwood City Caltrain Station
22,Redwood City Caltrain Station,2016-01-14 07:54:00.000000 UTC,Subscriber,Redwood City,Redwood City Caltrain Station
83,Mezes,2016-01-14 07:56:00.000000 UTC,Subscriber,Redwood City,Mezes Park
25,Stanford in Redwood City,2016-01-14 17:03:00.000000 UTC,Subscriber,Redwood City,Stanford in Redwood City
26,Kaiser Hospital,2016-01-14 17:11:00.000000 UTC,Subscriber,Redwood City,Redwood City Medical Center
83,Mezes,2016-01-15 07:30:00.000000 UTC,Subscriber,Redwood City,Mezes Park
22,Redwood City Caltrain Station,2016-01-15 09:02:00.000000 UTC,Subscriber,Redwood City,Redwood City Caltrain Station
22,Redwood City Caltrain Station,2016-01-15 09:15:00.000000 UTC,Subscriber,Redwood City,Redwood City Caltrain Station
22,Redwood City Caltrain Station,2016-01-15 17:36:00.000000 UTC,Subscriber,Redwood City,Redwood City Caltrain Station
26,Kaiser Hospital,2016-01-15 18:07:00.000000 UTC,Subscriber,Redwood City,Redwood City Medical Center
22,Redwood City Caltrain Station,2016-01-16 18:11:00.000000 UTC,Subscriber,Redwood City,Redwood City Caltrain Station
23,San Mateo County Center,2016-01-18 08:00:00.000000 UTC,Subscriber,Redwood City,San Mateo County Center
25,Stanford in Redwood City,2016-01-18 17:01:00.000000 UTC,Subscriber,Redwood City,Stanford in Redwood City
22,Redwood City Caltrain Station,2016-01-19 07:54:00.000000 UTC,Subscriber,Redwood City,Redwood City Caltrain Station
25,Stanford in Redwood City,2016-01-19 16:31:00.000000 UTC,Subscriber,Redwood City,Stanford in Redwood City
25,Stanford in Redwood City,2016-01-19 17:05:00.000000 UTC,Subscriber,Redwood City,Stanford in Redwood City
22,Redwood City Caltrain Station,2016-01-20 07:33:00.000000 UTC,Subscriber,Redwood City,Redwood City Caltrain Station
22,Redwood City Caltrain Station,2016-01-20 07:58:00.000000 UTC,Subscriber,Redwood City,Redwood City Caltrain Station
23,San Mateo County Center,2016-01-20 12:07:00.000000 UTC,Subscriber,Redwood City,San Mateo County Center
24,Redwood City Public Library,2016-01-20 13:04:00.000000 UTC,Subscriber,Redwood City,Redwood City Public Library
25,Stanford in Redwood City,2016-01-20 16:25:00.000000 UTC,Subscriber,Redwood City,Stanford in Redwood City
25,Stanford in Redwood City,2016-01-20 16:26:00.000000 UTC,Subscriber,Redwood City,Stanford in Redwood City
25,Stanford in Redwood City,2016-01-20 17:13:00.000000 UTC,Subscriber,Redwood City,Stanford in Redwood City
26,Kaiser Hospital,2016-01-20 17:14:00.000000 UTC,Subscriber,Redwood City,Redwood City Medical Center
22,Redwood City Caltrain Station,2016-01-21 07:33:00.000000 UTC,Subscriber,Redwood City,Redwood City Caltrain Station
22,Redwood City Caltrain Station,2016-01-21 07:56:00.000000 UTC,Subscriber,Redwood City,Redwood City Caltrain Station
22,Redwood City Caltrain Station,2016-01-21 08:22:00.000000 UTC,Subscriber,Redwood City,Redwood City Caltrain Station
24,Redwood City Public Library,2016-01-21 10:43:00.000000 UTC,Subscriber,Redwood City,Redwood City Public Library
25,Stanford in Redwood City,2016-01-21 12:02:00.000000 UTC,Subscriber,Redwood City,Stanford in Redwood City
25,Stanford in Redwood City,2016-01-21 16:59:00.000000 UTC,Subscriber,Redwood City,Stanford in Redwood City
22,Redwood City Caltrain Station,2016-01-21 18:08:00.000000 UTC,Subscriber,Redwood City,Redwood City Caltrain Station
26,Kaiser Hospital,2016-01-21 18:57:00.000000 UTC,Subscriber,Redwood City,Redwood City Medical Center
22,Redwood City Caltrain Station,2016-01-22 07:56:00.000000 UTC,Subscriber,Redwood City,Redwood City Caltrain Station
83,Mezes,2016-01-22 08:12:00.000000 UTC,Subscriber,Redwood City,Mezes Park
22,Redwood City Caltrain Station,2016-01-22 16:22:00.000000 UTC,Subscriber,Redwood City,Redwood City Caltrain Station
25,Stanford in Redwood City,2016-01-22 16:52:00.000000 UTC,Subscriber,Redwood City,Stanford in Redwood City
22,Redwood City Caltrain Station,2016-01-22 17:07:00.000000 UTC,Subscriber,Redwood City,Redwood City Caltrain Station
22,Redwood City Caltrain Station,2016-01-23 09:43:00.000000 UTC,Subscriber,Redwood City,Redwood City Caltrain Station
22,Redwood City Caltrain Station,2016-01-25 07:56:00.000000 UTC,Subscriber,Redwood City,Redwood City Caltrain Station
83,Mezes,2016-01-25 08:12:00.000000 UTC,Subscriber,Redwood City,Mezes Park
25,Stanford in Redwood City,2016-01-25 16:58:00.000000 UTC,Subscriber,Redwood City,Stanford in Redwood City
22,Redwood City Caltrain Station,2016-01-26 08:01:00.000000 UTC,Subscriber,Redwood City,Redwood City Caltrain Station
25,Stanford in Redwood City,2016-01-26 16:36:00.000000 UTC,Subscriber,Redwood City,Stanford in Redwood City
25,Stanford in Redwood City,2016-01-26 17:04:00.000000 UTC,Subscriber,Redwood City,Stanford in Redwood City
22,Redwood City Caltrain Station,2016-01-27 07:58:00.000000 UTC,Subscriber,Redwood City,Redwood City Caltrain Station
22,Redwood City Caltrain Station,2016-01-27 09:58:00.000000 UTC,Subscriber,Redwood City,Redwood City Caltrain Station
25,Stanford in Redwood City,2016-01-27 14:38:00.000000 UTC,Subscriber,Redwood City,Stanford in Redwood City
25,Stanford in Redwood City,2016-01-27 16:34:00.000000 UTC,Subscriber,Redwood City,Stanford in Redwood City
25,Stanford in Redwood City,2016-01-27 17:04:00.000000 UTC,Subscriber,Redwood City,Stanford in Redwood City
26,Kaiser Hospital,2016-01-27 17:11:00.000000 UTC,Subscriber,Redwood City,Redwood City Medical Center
22,Redwood City Caltrain Station,2016-01-28 07:22:00.000000 UTC,Subscriber,Redwood City,Redwood City Caltrain Station
22,Redwood City Caltrain Station,2016-01-28 08:22:00.000000 UTC,Subscriber,Redwood City,Redwood City Caltrain Station
22,Redwood City Caltrain Station,2016-01-28 09:35:00.000000 UTC,Subscriber,Redwood City,Redwood City Caltrain Station
22,Redwood City Caltrain Station,2016-01-28 13:01:00.000000 UTC,Subscriber,Redwood City,Redwood City Caltrain Station
25,Stanford in Redwood City,2016-01-28 16:08:00.000000 UTC,Subscriber,Redwood City,Stanford in Redwood City
25,Stanford in Redwood City,2016-01-28 16:27:00.000000 UTC,Subscriber,Redwood City,Stanford in Redwood City
25,Stanford in Redwood City,2016-01-28 16:32:00.000000 UTC,Subscriber,Redwood City,Stanford in Redwood City
26,Kaiser Hospital,2016-01-28 18:08:00.000000 UTC,Subscriber,Redwood City,Redwood City Medical Center
21,Sequoia Hospital,2016-01-29 02:55:00.000000 UTC,Subscriber,Redwood City,Franklin at Maple
22,Redwood City Caltrain Station,2016-01-29 07:56:00.000000 UTC,Subscriber,Redwood City,Redwood City Caltrain Station
22,Redwood City Caltrain Station,2016-01-29 09:01:00.000000 UTC,Subscriber,Redwood City,Redwood City Caltrain Station
23,San Mateo County Center,2016-01-29 12:24:00.000000 UTC,Subscriber,Redwood City,San Mateo County Center
26,Kaiser Hospital,2016-01-29 13:42:00.000000 UTC,Subscriber,Redwood City,Redwood City Medical Center
25,Stanford in Redwood City,2016-01-29 17:05:00.000000 UTC,Subscriber,Redwood City,Stanford in Redwood City
26,Kaiser Hospital,2016-01-29 17:13:00.000000 UTC,Subscriber,Redwood City,Redwood City Medical Center
22,Redwood City Caltrain Station,2016-01-29 18:07:00.000000 UTC,Subscriber,Redwood City,Redwood City Caltrain Station
22,Redwood City Caltrain Station,2016-02-01 07:58:00.000000 UTC,Subscriber,Redwood City,Redwood City Caltrain Station
22,Redwood City Caltrain Station,2016-02-01 08:00:00.000000 UTC,Subscriber,Redwood City,Redwood City Caltrain Station
83,Mezes,2016-02-01 08:11:00.000000 UTC,Subscriber,Redwood City,Mezes Park
22,Redwood City Caltrain Station,2016-02-01 12:53:00.000000 UTC,Subscriber,Redwood City,Redwood City Caltrain Station
25,Stanford in Redwood City,2016-02-01 16:32:00.000000 UTC,Subscriber,Redwood City,Stanford in Redwood City
25,Stanford in Redwood City,2016-02-01 17:00:00.000000 UTC,Subscriber,Redwood City,Stanford in Redwood City
22,Redwood City Caltrain Station,2016-02-01 18:09:00.000000 UTC,Subscriber,Redwood City,Redwood City Caltrain Station
26,Kaiser Hospital,2016-02-01 18:21:00.000000 UTC,Subscriber,Redwood City,Redwood City Medical Center
23,San Mateo County Center,2016-02-02 08:03:00.000000 UTC,Subscriber,Redwood City,San Mateo County Center
25,Stanford in Redwood City,2016-02-02 16:33:00.000000 UTC,Subscriber,Redwood City,Stanford in Redwood City
25,Stanford in Redwood City,2016-02-02 17:06:00.000000 UTC,Subscriber,Redwood City,Stanford in Redwood City
22,Redwood City Caltrain Station,2016-02-02 18:07:00.000000 UTC,Subscriber,Redwood City,Redwood City Caltrain Station
22,Redwood City Caltrain Station,2016-02-03 07:33:00.000000 UTC,Subscriber,Redwood City,Redwood City Caltrain Station
22,Redwood City Caltrain Station,2016-02-03 07:56:00.000000 UTC,Subscriber,Redwood City,Redwood City Caltrain Station
25,Stanford in Redwood City,2016-02-03 12:18:00.000000 UTC,Subscriber,Redwood City,Stanford in Redwood City
24,Redwood City Public Library,2016-02-03 15:05:00.000000 UTC,Subscriber,Redwood City,Redwood City Public Library
25,Stanford in Redwood City,2016-02-03 16:07:00.000000 UTC,Subscriber,Redwood City,Stanford in Redwood City
25,Stanford in Redwood City,2016-02-03 16:32:00.000000 UTC,Subscriber,Redwood City,Stanford in Redwood City
25,Stanford in Redwood City,2016-02-03 17:05:00.000000 UTC,Subscriber,Redwood City,Stanford in Redwood City
26,Kaiser Hospital,2016-02-03 17:11:00.000000 UTC,Subscriber,Redwood City,Redwood City Medical Center
22,Redwood City Caltrain Station,2016-02-03 18:08:00.000000 UTC,Subscriber,Redwood City,Redwood City Caltrain Station
22,Redwood City Caltrain Station,2016-02-04 07:55:00.000000 UTC,Subscriber,Redwood City,Redwood City Caltrain Station
83,Mezes,2016-02-04 08:16:00.000000 UTC,Subscriber,Redwood City,Mezes Park
22,Redwood City Caltrain Station,2016-02-04 12:01:00.000000 UTC,Subscriber,Redwood City,Redwood City Caltrain Station
25,Stanford in Redwood City,2016-02-04 12:20:00.000000 UTC,Subscriber,Redwood City,Stanford in Redwood City
25,Stanford in Redwood City,2016-02-04 16:27:00.000000 UTC,Subscriber,Redwood City,Stanford in Redwood City
24,Redwood City Public Library,2016-02-04 21:41:00.000000 UTC,Subscriber,Redwood City,Redwood City Public Library
22,Redwood City Caltrain Station,2016-02-05 07:42:00.000000 UTC,Subscriber,Redwood City,Redwood City Caltrain Station
22,Redwood City Caltrain Station,2016-02-05 07:55:00.000000 UTC,Subscriber,Redwood City,Redwood City Caltrain Station
83,Mezes,2016-02-05 08:13:00.000000 UTC,Subscriber,Redwood City,Mezes Park
22,Redwood City Caltrain Station,2016-02-05 09:28:00.000000 UTC,Subscriber,Redwood City,Redwood City Caltrain Station
25,Stanford in Redwood City,2016-02-05 16:29:00.000000 UTC,Subscriber,Redwood City,Stanford in Redwood City
22,Redwood City Caltrain Station,2016-02-05 16:34:00.000000 UTC,Subscriber,Redwood City,Redwood City Caltrain Station
25,Stanford in Redwood City,2016-02-05 17:07:00.000000 UTC,Subscriber,Redwood City,Stanford in Redwood City
22,Redwood City Caltrain Station,2016-02-05 17:07:00.000000 UTC,Subscriber,Redwood City,Redwood City Caltrain Station
25,Stanford in Redwood City,2016-02-05 18:00:00.000000 UTC,Subscriber,Redwood City,Stanford in Redwood City
26,Kaiser Hospital,2016-02-05 18:14:00.000000 UTC,Subscriber,Redwood City,Redwood City Medical Center
22,Redwood City Caltrain Station,2016-02-08 07:24:00.000000 UTC,Subscriber,Redwood City,Redwood City Caltrain Station
22,Redwood City Caltrain Station,2016-02-08 07:58:00.000000 UTC,Subscriber,Redwood City,Redwood City Caltrain Station
83,Mezes,2016-02-08 08:15:00.000000 UTC,Subscriber,Redwood City,Mezes Park
23,San Mateo County Center,2016-02-08 12:43:00.000000 UTC,Subscriber,Redwood City,San Mateo County Center
22,Redwood City Caltrain Station,2016-02-08 12:54:00.000000 UTC,Subscriber,Redwood City,Redwood City Caltrain Station
25,Stanford in Redwood City,2016-02-08 16:06:00.000000 UTC,Subscriber,Redwood City,Stanford in Redwood City
25,Stanford in Redwood City,2016-02-08 16:30:00.000000 UTC,Subscriber,Redwood City,Stanford in Redwood City
25,Stanford in Redwood City,2016-02-08 17:00:00.000000 UTC,Subscriber,Redwood City,Stanford in Redwood City
26,Kaiser Hospital,2016-02-08 18:08:00.000000 UTC,Subscriber,Redwood City,Redwood City Medical Center
22,Redwood City Caltrain Station,2016-02-09 07:56:00.000000 UTC,Subscriber,Redwood City,Redwood City Caltrain Station
23,San Mateo County Center,2016-02-09 11:59:00.000000 UTC,Subscriber,Redwood City,San Mateo County Center
25,Stanford in Redwood City,2016-02-09 16:32:00.000000 UTC,Subscriber,Redwood City,Stanford in Redwood City
25,Stanford in Redwood City,2016-02-09 17:10:00.000000 UTC,Subscriber,Redwood City,Stanford in Redwood City
22,Redwood City Caltrain Station,2016-02-10 07:23:00.000000 UTC,Subscriber,Redwood City,Redwood City Caltrain Station
22,Redwood City Caltrain Station,2016-02-10 07:56:00.000000 UTC,Subscriber,Redwood City,Redwood City Caltrain Station
22,Redwood City Caltrain Station,2016-02-10 09:17:00.000000 UTC,Subscriber,Redwood City,Redwood City Caltrain Station
25,Stanford in Redwood City,2016-02-10 16:08:00.000000 UTC,Subscriber,Redwood City,Stanford in Redwood City
25,Stanford in Redwood City,2016-02-10 16:33:00.000000 UTC,Subscriber,Redwood City,Stanford in Redwood City
25,Stanford in Redwood City,2016-02-10 17:04:00.000000 UTC,Subscriber,Redwood City,Stanford in Redwood City
26,Kaiser Hospital,2016-02-10 17:11:00.000000 UTC,Subscriber,Redwood City,Redwood City Medical Center
22,Redwood City Caltrain Station,2016-02-11 07:31:00.000000 UTC,Subscriber,Redwood City,Redwood City Caltrain Station
22,Redwood City Caltrain Station,2016-02-11 07:56:00.000000 UTC,Subscriber,Redwood City,Redwood City Caltrain Station
22,Redwood City Caltrain Station,2016-02-11 09:19:00.000000 UTC,Subscriber,Redwood City,Redwood City Caltrain Station
26,Kaiser Hospital,2016-02-11 12:13:00.000000 UTC,Subscriber,Redwood City,Redwood City Medical Center
25,Stanford in Redwood City,2016-02-11 16:30:00.000000 UTC,Subscriber,Redwood City,Stanford in Redwood City
25,Stanford in Redwood City,2016-02-11 16:47:00.000000 UTC,Subscriber,Redwood City,Stanford in Redwood City
25,Stanford in Redwood City,2016-02-11 17:07:00.000000 UTC,Subscriber,Redwood City,Stanford in Redwood City
26,Kaiser Hospital,2016-02-11 17:12:00.000000 UTC,Subscriber,Redwood City,Redwood City Medical Center
22,Redwood City Caltrain Station,2016-02-12 07:48:00.000000 UTC,Subscriber,Redwood City,Redwood City Caltrain Station
22,Redwood City Caltrain Station,2016-02-12 07:49:00.000000 UTC,Subscriber,Redwood City,Redwood City Caltrain Station
22,Redwood City Caltrain Station,2016-02-12 07:55:00.000000 UTC,Subscriber,Redwood City,Redwood City Caltrain Station
22,Redwood City Caltrain Station,2016-02-12 09:59:00.000000 UTC,Subscriber,Redwood City,Redwood City Caltrain Station
22,Redwood City Caltrain Station,2016-02-12 15:21:00.000000 UTC,Subscriber,Redwood City,Redwood City Caltrain Station
25,Stanford in Redwood City,2016-02-12 16:29:00.000000 UTC,Subscriber,Redwood City,Stanford in Redwood City
25,Stanford in Redwood City,2016-02-12 16:29:00.000000 UTC,Subscriber,Redwood City,Stanford in Redwood City
25,Stanford in Redwood City,2016-02-12 17:08:00.000000 UTC,Subscriber,Redwood City,Stanford in Redwood City
26,Kaiser Hospital,2016-02-12 18:18:00.000000 UTC,Subscriber,Redwood City,Redwood City Medical Center
83,Mezes,2016-02-14 05:04:00.000000 UTC,Subscriber,Redwood City,Mezes Park
26,Kaiser Hospital,2016-02-14 05:25:00.000000 UTC,Subscriber,Redwood City,Redwood City Medical Center
22,Redwood City Caltrain Station,2016-02-16 07:56:00.000000 UTC,Subscriber,Redwood City,Redwood City Caltrain Station
23,San Mateo County Center,2016-02-16 12:19:00.000000 UTC,Subscriber,Redwood City,San Mateo County Center
25,Stanford in Redwood City,2016-02-16 17:11:00.000000 UTC,Subscriber,Redwood City,Stanford in Redwood City
26,Kaiser Hospital,2016-02-16 17:12:00.000000 UTC,Subscriber,Redwood City,Redwood City Medical Center
25,Stanford in Redwood City,2016-02-16 17:26:00.000000 UTC,Subscriber,Redwood City,Stanford in Redwood City
22,Redwood City Caltrain Station,2016-02-17 08:29:00.000000 UTC,Subscriber,Redwood City,Redwood City Caltrain Station
23,San Mateo County Center,2016-02-17 12:35:00.000000 UTC,Subscriber,Redwood City,San Mateo County Center
24,Redwood City Public Library,2016-02-17 13:10:00.000000 UTC,Subscriber,Redwood City,Redwood City Public Library
25,Stanford in Redwood City,2016-02-17 17:12:00.000000 UTC,Subscriber,Redwood City,Stanford in Redwood City
26,Kaiser Hospital,2016-02-17 17:14:00.000000 UTC,Subscriber,Redwood City,Redwood City Medical Center
22,Redwood City Caltrain Station,2016-02-17 19:35:00.000000 UTC,Subscriber,Redwood City,Redwood City Caltrain Station
22,Redwood City Caltrain Station,2016-02-18 07:32:00.000000 UTC,Subscriber,Redwood City,Redwood City Caltrain Station
22,Redwood City Caltrain Station,2016-02-18 07:56:00.000000 UTC,Subscriber,Redwood City,Redwood City Caltrain Station
83,Mezes,2016-02-18 08:16:00.000000 UTC,Subscriber,Redwood City,Mezes Park
22,Redwood City Caltrain Station,2016-02-18 09:32:00.000000 UTC,Subscriber,Redwood City,Redwood City Caltrain Station
22,Redwood City Caltrain Station,2016-02-18 10:04:00.000000 UTC,Subscriber,Redwood City,Redwood City Caltrain Station
25,Stanford in Redwood City,2016-02-18 16:33:00.000000 UTC,Subscriber,Redwood City,Stanford in Redwood City
25,Stanford in Redwood City,2016-02-18 17:07:00.000000 UTC,Subscriber,Redwood City,Stanford in Redwood City
22,Redwood City Caltrain Station,2016-02-18 17:11:00.000000 UTC,Subscriber,Redwood City,Redwood City Caltrain Station
22,Redwood City Caltrain Station,2016-02-18 17:34:00.000000 UTC,Subscriber,Redwood City,Redwood City Caltrain Station
25,Stanford in Redwood City,2016-02-18 18:04:00.000000 UTC,Subscriber,Redwood City,Stanford in Redwood City
26,Kaiser Hospital,2016-02-18 19:01:00.000000 UTC,Subscriber,Redwood City,Redwood City Medical Center
22,Redwood City Caltrain Station,2016-02-19 07:55:00.000000 UTC,Subscriber,Redwood City,Redwood City Caltrain Station
22,Redwood City Caltrain Station,2016-02-19 09:25:00.000000 UTC,Subscriber,Redwood City,Redwood City Caltrain Station
23,San Mateo County Center,2016-02-19 15:01:00.000000 UTC,Subscriber,Redwood City,San Mateo County Center
22,Redwood City Caltrain Station,2016-02-19 17:07:00.000000 UTC,Subscriber,Redwood City,Redwood City Caltrain Station
25,Stanford in Redwood City,2016-02-19 17:10:00.000000 UTC,Subscriber,Redwood City,Stanford in Redwood City
22,Redwood City Caltrain Station,2016-02-19 18:08:00.000000 UTC,Subscriber,Redwood City,Redwood City Caltrain Station
26,Kaiser Hospital,2016-02-19 18:17:00.000000 UTC,Subscriber,Redwood City,Redwood City Medical Center
22,Redwood City Caltrain Station,2016-02-22 07:31:00.000000 UTC,Subscriber,Redwood City,Redwood City Caltrain Station
22,Redwood City Caltrain Station,2016-02-22 07:56:00.000000 UTC,Subscriber,Redwood City,Redwood City Caltrain Station
83,Mezes,2016-02-22 08:16:00.000000 UTC,Subscriber,Redwood City,Mezes Park
22,Redwood City Caltrain Station,2016-02-22 08:47:00.000000 UTC,Subscriber,Redwood City,Redwood City Caltrain Station
22,Redwood City Caltrain Station,2016-02-22 09:38:00.000000 UTC,Subscriber,Redwood City,Redwood City Caltrain Station
22,Redwood City Caltrain Station,2016-02-22 10:35:00.000000 UTC,Subscriber,Redwood City,Redwood City Caltrain Station
22,Redwood City Caltrain Station,2016-02-22 15:05:00.000000 UTC,Subscriber,Redwood City,Redwood City Caltrain Station
25,Stanford in Redwood City,2016-02-22 16:28:00.000000 UTC,Subscriber,Redwood City,Stanford in Redwood City
25,Stanford in Redwood City,2016-02-22 17:02:00.000000 UTC,Subscriber,Redwood City,Stanford in Redwood City
26,Kaiser Hospital,2016-02-22 18:13:00.000000 UTC,Subscriber,Redwood City,Redwood City Medical Center
22,Redwood City Caltrain Station,2016-02-23 07:56:00.000000 UTC,Subscriber,Redwood City,Redwood City Caltrain Station
25,Stanford in Redwood City,2016-02-23 16:26:00.000000 UTC,Subscriber,Redwood City,Stanford in Redwood City
25,Stanford in Redwood City,2016-02-23 16:26:00.000000 UTC,Subscriber,Redwood City,Stanford in Redwood City
25,Stanford in Redwood City,2016-02-23 17:10:00.000000 UTC,Subscriber,Redwood City,Stanford in Redwood City
23,San Mateo County Center,2016-02-23 17:45:00.000000 UTC,Subscriber,Redwood City,San Mateo County Center
25,Stanford in Redwood City,2016-02-23 18:26:00.000000 UTC,Subscriber,Redwood City,Stanford in Redwood City
22,Redwood City Caltrain Station,2016-02-24 07:58:00.000000 UTC,Subscriber,Redwood City,Redwood City Caltrain Station
22,Redwood City Caltrain Station,2016-02-24 09:16:00.000000 UTC,Subscriber,Redwood City,Redwood City Caltrain Station
25,Stanford in Redwood City,2016-02-24 16:24:00.000000 UTC,Subscriber,Redwood City,Stanford in Redwood City
25,Stanford in Redwood City,2016-02-24 16:31:00.000000 UTC,Subscriber,Redwood City,Stanford in Redwood City
25,Stanford in Redwood City,2016-02-24 17:09:00.000000 UTC,Subscriber,Redwood City,Stanford in Redwood City
26,Kaiser Hospital,2016-02-24 17:12:00.000000 UTC,Subscriber,Redwood City,Redwood City Medical Center
25,Stanford in Redwood City,2016-02-24 18:06:00.000000 UTC,Subscriber,Redwood City,Stanford in Redwood City
23,San Mateo County Center,2016-02-24 18:15:00.000000 UTC,Subscriber,Redwood City,San Mateo County Center
22,Redwood City Caltrain Station,2016-02-25 07:31:00.000000 UTC,Subscriber,Redwood City,Redwood City Caltrain Station
22,Redwood City Caltrain Station,2016-02-25 07:56:00.000000 UTC,Subscriber,Redwood City,Redwood City Caltrain Station
22,Redwood City Caltrain Station,2016-02-25 08:58:00.000000 UTC,Subscriber,Redwood City,Redwood City Caltrain Station
25,Stanford in Redwood City,2016-02-25 16:08:00.000000 UTC,Subscriber,Redwood City,Stanford in Redwood City
25,Stanford in Redwood City,2016-02-25 16:29:00.000000 UTC,Subscriber,Redwood City,Stanford in Redwood City
25,Stanford in Redwood City,2016-02-25 16:33:00.000000 UTC,Subscriber,Redwood City,Stanford in Redwood City
25,Stanford in Redwood City,2016-02-25 17:06:00.000000 UTC,Subscriber,Redwood City,Stanford in Redwood City
26,Kaiser Hospital,2016-02-25 18:15:00.000000 UTC,Subscriber,Redwood City,Redwood City Medical Center
22,Redwood City Caltrain Station,2016-02-26 08:00:00.000000 UTC,Subscriber,Redwood City,Redwood City Caltrain Station
83,Mezes,2016-02-26 08:14:00.000000 UTC,Subscriber,Redwood City,Mezes Park
22,Redwood City Caltrain Station,2016-02-26 08:58:00.000000 UTC,Subscriber,Redwood City,Redwood City Caltrain Station
22,Redwood City Caltrain Station,2016-02-26 09:49:00.000000 UTC,Subscriber,Redwood City,Redwood City Caltrain Station
25,Stanford in Redwood City,2016-02-26 13:00:00.000000 UTC,Subscriber,Redwood City,Stanford in Redwood City
25,Stanford in Redwood City,2016-02-26 17:10:00.000000 UTC,Subscriber,Redwood City,Stanford in Redwood City
26,Kaiser Hospital,2016-02-26 17:14:00.000000 UTC,Subscriber,Redwood City,Redwood City Medical Center
24,Redwood City Public Library,2016-02-27 11:46:00.000000 UTC,Subscriber,Redwood City,Redwood City Public Library
22,Redwood City Caltrain Station,2016-02-27 15:47:00.000000 UTC,Subscriber,Redwood City,Redwood City Caltrain Station
22,Redwood City Caltrain Station,2016-02-29 06:20:00.000000 UTC,Subscriber,Redwood City,Redwood City Caltrain Station
22,Redwood City Caltrain Station,2016-02-29 07:56:00.000000 UTC,Subscriber,Redwood City,Redwood City Caltrain Station
23,San Mateo County Center,2016-02-29 16:27:00.000000 UTC,Subscriber,Redwood City,San Mateo County Center
25,Stanford in Redwood City,2016-02-29 16:31:00.000000 UTC,Subscriber,Redwood City,Stanford in Redwood City
25,Stanford in Redwood City,2016-02-29 17:07:00.000000 UTC,Subscriber,Redwood City,Stanford in Redwood City
22,Redwood City Caltrain Station,2016-03-01 07:57:00.000000 UTC,Subscriber,Redwood City,Redwood City Caltrain Station
83,Mezes,2016-03-01 08:18:00.000000 UTC,Subscriber,Redwood City,Mezes Park
22,Redwood City Caltrain Station,2016-03-01 09:26:00.000000 UTC,Subscriber,Redwood City,Redwood City Caltrain Station
22,Redwood City Caltrain Station,2016-03-01 11:02:00.000000 UTC,Subscriber,Redwood City,Redwood City Caltrain Station
22,Redwood City Caltrain Station,2016-03-01 15:01:00.000000 UTC,Subscriber,Redwood City,Redwood City Caltrain Station
26,Kaiser Hospital,2016-03-01 16:19:00.000000 UTC,Subscriber,Redwood City,Redwood City Medical Center
25,Stanford in Redwood City,2016-03-01 16:34:00.000000 UTC,Subscriber,Redwood City,Stanford in Redwood City
25,Stanford in Redwood City,2016-03-01 17:07:00.000000 UTC,Subscriber,Redwood City,Stanford in Redwood City
25,Stanford in Redwood City,2016-03-01 18:05:00.000000 UTC,Subscriber,Redwood City,Stanford in Redwood City
22,Redwood City Caltrain Station,2016-03-02 07:23:00.000000 UTC,Subscriber,Redwood City,Redwood City Caltrain Station
23,San Mateo County Center,2016-03-02 13:05:00.000000 UTC,Subscriber,Redwood City,San Mateo County Center
25,Stanford in Redwood City,2016-03-02 16:07:00.000000 UTC,Subscriber,Redwood City,Stanford in Redwood City
26,Kaiser Hospital,2016-03-02 17:13:00.000000 UTC,Subscriber,Redwood City,Redwood City Medical Center
22,Redwood City Caltrain Station,2016-03-02 20:20:00.000000 UTC,Subscriber,Redwood City,Redwood City Caltrain Station
22,Redwood City Caltrain Station,2016-03-02 20:20:00.000000 UTC,Subscriber,Redwood City,Redwood City Caltrain Station
22,Redwood City Caltrain Station,2016-03-03 07:29:00.000000 UTC,Subscriber,Redwood City,Redwood City Caltrain Station
22,Redwood City Caltrain Station,2016-03-03 07:58:00.000000 UTC,Subscriber,Redwood City,Redwood City Caltrain Station
83,Mezes,2016-03-03 08:15:00.000000 UTC,Subscriber,Redwood City,Mezes Park
25,Stanford in Redwood City,2016-03-03 16:06:00.000000 UTC,Subscriber,Redwood City,Stanford in Redwood City
25,Stanford in Redwood City,2016-03-03 16:36:00.000000 UTC,Subscriber,Redwood City,Stanford in Redwood City
25,Stanford in Redwood City,2016-03-03 17:10:00.000000 UTC,Subscriber,Redwood City,Stanford in Redwood City
26,Kaiser Hospital,2016-03-03 17:11:00.000000 UTC,Subscriber,Redwood City,Redwood City Medical Center
22,Redwood City Caltrain Station,2016-03-03 18:10:00.000000 UTC,Subscriber,Redwood City,Redwood City Caltrain Station
22,Redwood City Caltrain Station,2016-03-04 07:40:00.000000 UTC,Subscriber,Redwood City,Redwood City Caltrain Station
22,Redwood City Caltrain Station,2016-03-04 07:55:00.000000 UTC,Subscriber,Redwood City,Redwood City Caltrain Station
83,Mezes,2016-03-04 08:24:00.000000 UTC,Subscriber,Redwood City,Mezes Park
25,Stanford in Redwood City,2016-03-04 08:57:00.000000 UTC,Subscriber,Redwood City,Stanford in Redwood City
26,Kaiser Hospital,2016-03-04 16:54:00.000000 UTC,Subscriber,Redwood City,Redwood City Medical Center
25,Stanford in Redwood City,2016-03-04 17:12:00.000000 UTC,Subscriber,Redwood City,Stanford in Redwood City
23,San Mateo County Center,2016-03-04 19:13:00.000000 UTC,Subscriber,Redwood City,San Mateo County Center
22,Redwood City Caltrain Station,2016-03-07 07:53:00.000000 UTC,Subscriber,Redwood City,Redwood City Caltrain Station
25,Stanford in Redwood City,2016-03-07 17:11:00.000000 UTC,Subscriber,Redwood City,Stanford in Redwood City
26,Kaiser Hospital,2016-03-07 18:17:00.000000 UTC,Subscriber,Redwood City,Redwood City Medical Center
22,Redwood City Caltrain Station,2016-03-08 07:31:00.000000 UTC,Subscriber,Redwood City,Redwood City Caltrain Station
22,Redwood City Caltrain Station,2016-03-08 07:57:00.000000 UTC,Subscriber,Redwood City,Redwood City Caltrain Station
25,Stanford in Redwood City,2016-03-08 16:30:00.000000 UTC,Subscriber,Redwood City,Stanford in Redwood City
25,Stanford in Redwood City,2016-03-08 17:08:00.000000 UTC,Subscriber,Redwood City,Stanford in Redwood City
22,Redwood City Caltrain Station,2016-03-09 07:55:00.000000 UTC,Subscriber,Redwood City,Redwood City Caltrain Station
23,San Mateo County Center,2016-03-09 10:31:00.000000 UTC,Subscriber,Redwood City,San Mateo County Center
26,Kaiser Hospital,2016-03-09 13:02:00.000000 UTC,Subscriber,Redwood City,Redwood City Medical Center
26,Kaiser Hospital,2016-03-09 17:13:00.000000 UTC,Subscriber,Redwood City,Redwood City Medical Center
25,Stanford in Redwood City,2016-03-09 17:14:00.000000 UTC,Subscriber,Redwood City,Stanford in Redwood City
22,Redwood City Caltrain Station,2016-03-09 17:34:00.000000 UTC,Subscriber,Redwood City,Redwood City Caltrain Station
22,Redwood City Caltrain Station,2016-03-10 07:58:00.000000 UTC,Subscriber,Redwood City,Redwood City Caltrain Station
83,Mezes,2016-03-10 08:21:00.000000 UTC,Subscriber,Redwood City,Mezes Park
26,Kaiser Hospital,2016-03-10 16:07:00.000000 UTC,Subscriber,Redwood City,Redwood City Medical Center
25,Stanford in Redwood City,2016-03-10 17:11:00.000000 UTC,Subscriber,Redwood City,Stanford in Redwood City
22,Redwood City Caltrain Station,2016-03-10 18:08:00.000000 UTC,Subscriber,Redwood City,Redwood City Caltrain Station
23,San Mateo County Center,2016-03-11 08:02:00.000000 UTC,Subscriber,Redwood City,San Mateo County Center
25,Stanford in Redwood City,2016-03-11 15:47:00.000000 UTC,Subscriber,Redwood City,Stanford in Redwood City
83,Mezes,2016-03-14 07:36:00.000000 UTC,Subscriber,Redwood City,Mezes Park
22,Redwood City Caltrain Station,2016-03-14 08:00:00.000000 UTC,Subscriber,Redwood City,Redwood City Caltrain Station
21,Sequoia Hospital,2016-03-14 11:38:00.000000 UTC,Subscriber,Redwood City,Franklin at Maple
23,San Mateo County Center,2016-03-14 11:47:00.000000 UTC,Subscriber,Redwood City,San Mateo County Center
22,Redwood City Caltrain Station,2016-03-14 12:51:00.000000 UTC,Subscriber,Redwood City,Redwood City Caltrain Station
25,Stanford in Redwood City,2016-03-14 16:58:00.000000 UTC,Subscriber,Redwood City,Stanford in Redwood City
25,Stanford in Redwood City,2016-03-14 17:09:00.000000 UTC,Subscriber,Redwood City,Stanford in Redwood City
22,Redwood City Caltrain Station,2016-03-14 17:33:00.000000 UTC,Subscriber,Redwood City,Redwood City Caltrain Station
22,Redwood City Caltrain Station,2016-03-14 18:08:00.000000 UTC,Subscriber,Redwood City,Redwood City Caltrain Station
26,Kaiser Hospital,2016-03-14 18:11:00.000000 UTC,Subscriber,Redwood City,Redwood City Medical Center
21,Sequoia Hospital,2016-03-15 07:20:00.000000 UTC,Subscriber,Redwood City,Franklin at Maple
22,Redwood City Caltrain Station,2016-03-15 07:32:00.000000 UTC,Subscriber,Redwood City,Redwood City Caltrain Station
83,Mezes,2016-03-15 08:19:00.000000 UTC,Subscriber,Redwood City,Mezes Park
22,Redwood City Caltrain Station,2016-03-15 08:55:00.000000 UTC,Subscriber,Redwood City,Redwood City Caltrain Station
24,Redwood City Public Library,2016-03-15 13:11:00.000000 UTC,Subscriber,Redwood City,Redwood City Public Library
25,Stanford in Redwood City,2016-03-15 16:08:00.000000 UTC,Subscriber,Redwood City,Stanford in Redwood City
25,Stanford in Redwood City,2016-03-15 16:32:00.000000 UTC,Subscriber,Redwood City,Stanford in Redwood City
22,Redwood City Caltrain Station,2016-03-15 16:39:00.000000 UTC,Subscriber,Redwood City,Redwood City Caltrain Station
25,Stanford in Redwood City,2016-03-15 17:09:00.000000 UTC,Subscriber,Redwood City,Stanford in Redwood City
22,Redwood City Caltrain Station,2016-03-16 07:24:00.000000 UTC,Subscriber,Redwood City,Redwood City Caltrain Station
22,Redwood City Caltrain Station,2016-03-16 07:56:00.000000 UTC,Subscriber,Redwood City,Redwood City Caltrain Station
25,Stanford in Redwood City,2016-03-16 10:13:00.000000 UTC,Subscriber,Redwood City,Stanford in Redwood City
25,Stanford in Redwood City,2016-03-16 16:09:00.000000 UTC,Subscriber,Redwood City,Stanford in Redwood City
25,Stanford in Redwood City,2016-03-16 16:32:00.000000 UTC,Subscriber,Redwood City,Stanford in Redwood City
22,Redwood City Caltrain Station,2016-03-16 17:06:00.000000 UTC,Subscriber,Redwood City,Redwood City Caltrain Station
25,Stanford in Redwood City,2016-03-16 17:12:00.000000 UTC,Subscriber,Redwood City,Stanford in Redwood City
26,Kaiser Hospital,2016-03-16 17:13:00.000000 UTC,Subscriber,Redwood City,Redwood City Medical Center
22,Redwood City Caltrain Station,2016-03-16 17:36:00.000000 UTC,Subscriber,Redwood City,Redwood City Caltrain Station
22,Redwood City Caltrain Station,2016-03-17 07:29:00.000000 UTC,Subscriber,Redwood City,Redwood City Caltrain Station
22,Redwood City Caltrain Station,2016-03-17 07:30:00.000000 UTC,Subscriber,Redwood City,Redwood City Caltrain Station
22,Redwood City Caltrain Station,2016-03-17 07:30:00.000000 UTC,Subscriber,Redwood City,Redwood City Caltrain Station
22,Redwood City Caltrain Station,2016-03-17 07:57:00.000000 UTC,Subscriber,Redwood City,Redwood City Caltrain Station
22,Redwood City Caltrain Station,2016-03-17 08:22:00.000000 UTC,Subscriber,Redwood City,Redwood City Caltrain Station
22,Redwood City Caltrain Station,2016-03-17 09:20:00.000000 UTC,Subscriber,Redwood City,Redwood City Caltrain Station
25,Stanford in Redwood City,2016-03-17 17:11:00.000000 UTC,Subscriber,Redwood City,Stanford in Redwood City
22,Redwood City Caltrain Station,2016-03-17 18:07:00.000000 UTC,Subscriber,Redwood City,Redwood City Caltrain Station
22,Redwood City Caltrain Station,2016-03-18 07:31:00.000000 UTC,Subscriber,Redwood City,Redwood City Caltrain Station
22,Redwood City Caltrain Station,2016-03-18 07:57:00.000000 UTC,Subscriber,Redwood City,Redwood City Caltrain Station
83,Mezes,2016-03-18 08:13:00.000000 UTC,Subscriber,Redwood City,Mezes Park
22,Redwood City Caltrain Station,2016-03-18 09:00:00.000000 UTC,Subscriber,Redwood City,Redwood City Caltrain Station
22,Redwood City Caltrain Station,2016-03-18 14:58:00.000000 UTC,Subscriber,Redwood City,Redwood City Caltrain Station
25,Stanford in Redwood City,2016-03-18 16:08:00.000000 UTC,Subscriber,Redwood City,Stanford in Redwood City
25,Stanford in Redwood City,2016-03-18 16:59:00.000000 UTC,Subscriber,Redwood City,Stanford in Redwood City
22,Redwood City Caltrain Station,2016-03-18 17:07:00.000000 UTC,Subscriber,Redwood City,Redwood City Caltrain Station
26,Kaiser Hospital,2016-03-18 17:49:00.000000 UTC,Subscriber,Redwood City,Redwood City Medical Center
83,Mezes,2016-03-18 20:35:00.000000 UTC,Subscriber,Redwood City,Mezes Park
22,Redwood City Caltrain Station,2016-03-18 20:49:00.000000 UTC,Subscriber,Redwood City,Redwood City Caltrain Station
22,Redwood City Caltrain Station,2016-03-21 06:18:00.000000 UTC,Subscriber,Redwood City,Redwood City Caltrain Station
22,Redwood City Caltrain Station,2016-03-21 07:49:00.000000 UTC,Subscriber,Redwood City,Redwood City Caltrain Station
22,Redwood City Caltrain Station,2016-03-21 08:23:00.000000 UTC,Subscriber,Redwood City,Redwood City Caltrain Station
22,Redwood City Caltrain Station,2016-03-21 11:01:00.000000 UTC,Subscriber,Redwood City,Redwood City Caltrain Station
25,Stanford in Redwood City,2016-03-21 17:11:00.000000 UTC,Subscriber,Redwood City,Stanford in Redwood City
26,Kaiser Hospital,2016-03-21 18:21:00.000000 UTC,Subscriber,Redwood City,Redwood City Medical Center
25,Stanford in Redwood City,2016-03-21 18:32:00.000000 UTC,Subscriber,Redwood City,Stanford in Redwood City
22,Redwood City Caltrain Station,2016-03-22 07:56:00.000000 UTC,Subscriber,Redwood City,Redwood City Caltrain Station
83,Mezes,2016-03-22 08:14:00.000000 UTC,Subscriber,Redwood City,Mezes Park
25,Stanford in Redwood City,2016-03-22 09:26:00.000000 UTC,Subscriber,Redwood City,Stanford in Redwood City
25,Stanford in Redwood City,2016-03-22 16:32:00.000000 UTC,Subscriber,Redwood City,Stanford in Redwood City
25,Stanford in Redwood City,2016-03-22 17:09:00.000000 UTC,Subscriber,Redwood City,Stanford in Redwood City
22,Redwood City Caltrain Station,2016-03-23 07:55:00.000000 UTC,Subscriber,Redwood City,Redwood City Caltrain Station
22,Redwood City Caltrain Station,2016-03-23 09:00:00.000000 UTC,Subscriber,Redwood City,Redwood City Caltrain Station
25,Stanford in Redwood City,2016-03-23 17:05:00.000000 UTC,Subscriber,Redwood City,Stanford in Redwood City
26,Kaiser Hospital,2016-03-23 17:08:00.000000 UTC,Subscriber,Redwood City,Redwood City Medical Center
22,Redwood City Caltrain Station,2016-03-23 17:32:00.000000 UTC,Subscriber,Redwood City,Redwood City Caltrain Station
25,Stanford in Redwood City,2016-03-23 18:34:00.000000 UTC,Subscriber,Redwood City,Stanford in Redwood City
22,Redwood City Caltrain Station,2016-03-24 05:45:00.000000 UTC,Subscriber,Redwood City,Redwood City Caltrain Station
22,Redwood City Caltrain Station,2016-03-24 07:33:00.000000 UTC,Subscriber,Redwood City,Redwood City Caltrain Station
22,Redwood City Caltrain Station,2016-03-24 07:56:00.000000 UTC,Subscriber,Redwood City,Redwood City Caltrain Station
83,Mezes,2016-03-24 08:22:00.000000 UTC,Subscriber,Redwood City,Mezes Park
22,Redwood City Caltrain Station,2016-03-24 08:23:00.000000 UTC,Subscriber,Redwood City,Redwood City Caltrain Station
22,Redwood City Caltrain Station,2016-03-24 15:21:00.000000 UTC,Subscriber,Redwood City,Redwood City Caltrain Station
25,Stanford in Redwood City,2016-03-24 16:05:00.000000 UTC,Subscriber,Redwood City,Stanford in Redwood City
25,Stanford in Redwood City,2016-03-24 16:35:00.000000 UTC,Subscriber,Redwood City,Stanford in Redwood City
25,Stanford in Redwood City,2016-03-24 17:10:00.000000 UTC,Subscriber,Redwood City,Stanford in Redwood City
26,Kaiser Hospital,2016-03-24 17:18:00.000000 UTC,Subscriber,Redwood City,Redwood City Medical Center
25,Stanford in Redwood City,2016-03-24 17:53:00.000000 UTC,Subscriber,Redwood City,Stanford in Redwood City
25,Stanford in Redwood City,2016-03-24 18:09:00.000000 UTC,Subscriber,Redwood City,Stanford in Redwood City
22,Redwood City Caltrain Station,2016-03-25 07:33:00.000000 UTC,Subscriber,Redwood City,Redwood City Caltrain Station
22,Redwood City Caltrain Station,2016-03-25 07:57:00.000000 UTC,Subscriber,Redwood City,Redwood City Caltrain Station
83,Mezes,2016-03-25 08:21:00.000000 UTC,Subscriber,Redwood City,Mezes Park
25,Stanford in Redwood City,2016-03-25 16:29:00.000000 UTC,Subscriber,Redwood City,Stanford in Redwood City
25,Stanford in Redwood City,2016-03-25 17:06:00.000000 UTC,Subscriber,Redwood City,Stanford in Redwood City
26,Kaiser Hospital,2016-03-25 17:12:00.000000 UTC,Subscriber,Redwood City,Redwood City Medical Center
22,Redwood City Caltrain Station,2016-03-26 16:08:00.000000 UTC,Subscriber,Redwood City,Redwood City Caltrain Station
22,Redwood City Caltrain Station,2016-03-28 06:15:00.000000 UTC,Subscriber,Redwood City,Redwood City Caltrain Station
22,Redwood City Caltrain Station,2016-03-28 08:00:00.000000 UTC,Subscriber,Redwood City,Redwood City Caltrain Station
83,Mezes,2016-03-28 08:22:00.000000 UTC,Subscriber,Redwood City,Mezes Park
22,Redwood City Caltrain Station,2016-03-28 12:56:00.000000 UTC,Subscriber,Redwood City,Redwood City Caltrain Station
25,Stanford in Redwood City,2016-03-28 16:34:00.000000 UTC,Subscriber,Redwood City,Stanford in Redwood City
25,Stanford in Redwood City,2016-03-28 17:08:00.000000 UTC,Subscriber,Redwood City,Stanford in Redwood City
22,Redwood City Caltrain Station,2016-03-28 18:07:00.000000 UTC,Subscriber,Redwood City,Redwood City Caltrain Station
26,Kaiser Hospital,2016-03-28 18:12:00.000000 UTC,Subscriber,Redwood City,Redwood City Medical Center
22,Redwood City Caltrain Station,2016-03-29 07:32:00.000000 UTC,Subscriber,Redwood City,Redwood City Caltrain Station
22,Redwood City Caltrain Station,2016-03-29 07:57:00.000000 UTC,Subscriber,Redwood City,Redwood City Caltrain Station
83,Mezes,2016-03-29 08:20:00.000000 UTC,Subscriber,Redwood City,Mezes Park
22,Redwood City Caltrain Station,2016-03-29 08:32:00.000000 UTC,Subscriber,Redwood City,Redwood City Caltrain Station
22,Redwood City Caltrain Station,2016-03-29 08:35:00.000000 UTC,Subscriber,Redwood City,Redwood City Caltrain Station
25,Stanford in Redwood City,2016-03-29 16:07:00.000000 UTC,Subscriber,Redwood City,Stanford in Redwood City
25,Stanford in Redwood City,2016-03-29 17:09:00.000000 UTC,Subscriber,Redwood City,Stanford in Redwood City
22,Redwood City Caltrain Station,2016-03-30 07:56:00.000000 UTC,Subscriber,Redwood City,Redwood City Caltrain Station
22,Redwood City Caltrain Station,2016-03-30 09:00:00.000000 UTC,Subscriber,Redwood City,Redwood City Caltrain Station
22,Redwood City Caltrain Station,2016-03-30 10:37:00.000000 UTC,Subscriber,Redwood City,Redwood City Caltrain Station
25,Stanford in Redwood City,2016-03-30 11:59:00.000000 UTC,Subscriber,Redwood City,Stanford in Redwood City
25,Stanford in Redwood City,2016-03-30 17:11:00.000000 UTC,Subscriber,Redwood City,Stanford in Redwood City
26,Kaiser Hospital,2016-03-30 17:13:00.000000 UTC,Subscriber,Redwood City,Redwood City Medical Center
22,Redwood City Caltrain Station,2016-03-31 07:32:00.000000 UTC,Subscriber,Redwood City,Redwood City Caltrain Station
22,Redwood City Caltrain Station,2016-03-31 07:54:00.000000 UTC,Subscriber,Redwood City,Redwood City Caltrain Station
83,Mezes,2016-03-31 08:19:00.000000 UTC,Subscriber,Redwood City,Mezes Park
25,Stanford in Redwood City,2016-03-31 16:33:00.000000 UTC,Subscriber,Redwood City,Stanford in Redwood City
25,Stanford in Redwood City,2016-03-31 17:20:00.000000 UTC,Subscriber,Redwood City,Stanford in Redwood City
25,Stanford in Redwood City,2016-03-31 18:13:00.000000 UTC,Subscriber,Redwood City,Stanford in Redwood City